id,name,email,age,city
1,John Doe,john@example.com,28,New York
2,Jane Smith,jane@example.com,32,Los Angeles
3,Robert Johnson,robert@example.com,45,Chicago
4,Emily Davis,emily@example.com,29,Miami
5,Michael Wilson,michael@example.com,38,Houston
6,Sarah Brown,sarah@example.com,27,Phoenix
7,David Taylor,david@example.com,41,Philadelphia
8,Jennifer Martinez,jennifer@example.com,33,San Antonio
9,Christopher Anderson,christopher@example.com,35,San Diego
10,Amanda Thomas,amanda@example.com,26,Dallas
11,Matthew Jackson,matthew@example.com,39,San Jose
12,Jessica White,jessica@example.com,31,Austin
13,Daniel Harris,daniel@example.com,44,Jacksonville
14,Ashley Martin,ashley@example.com,25,Fort Worth
15,James Thompson,james@example.com,37,Columbus
16,Jennifer Garcia,jennifer.g@example.com,30,Charlotte
17,Andrew Martinez,andrew@example.com,43,San Francisco
18,Elizabeth Robinson,elizabeth@example.com,29,Indianapolis
19,Joshua Clark,joshua@example.com,36,Seattle
20,Megan Rodriguez,megan@example.com,33,Denver